/*
SQLyog Ultimate v12.09 (64 bit)
MySQL - 5.7.19 : Database - doh
*********************************************************************
*/

/*!40101 SET NAMES utf8 */;

/*!40101 SET SQL_MODE=''*/;

/*!40014 SET @OLD_UNIQUE_CHECKS=@@UNIQUE_CHECKS, UNIQUE_CHECKS=0 */;
/*!40014 SET @OLD_FOREIGN_KEY_CHECKS=@@FOREIGN_KEY_CHECKS, FOREIGN_KEY_CHECKS=0 */;
/*!40101 SET @OLD_SQL_MODE=@@SQL_MODE, SQL_MODE='NO_AUTO_VALUE_ON_ZERO' */;
/*!40111 SET @OLD_SQL_NOTES=@@SQL_NOTES, SQL_NOTES=0 */;
CREATE DATABASE /*!32312 IF NOT EXISTS*/`doh` /*!40100 DEFAULT CHARACTER SET utf8 */;

USE `doh`;

/*Table structure for table `accounts` */

DROP TABLE IF EXISTS `accounts`;

CREATE TABLE `accounts` (
  `id` int(15) unsigned NOT NULL AUTO_INCREMENT,
  `username` varchar(255) DEFAULT NULL,
  `password` varchar(255) DEFAULT NULL,
  `isAdmin` tinyint(1) DEFAULT NULL,
  `firstname` varchar(255) DEFAULT NULL,
  `birthday` varchar(255) DEFAULT NULL,
  `lastname` varchar(255) DEFAULT NULL,
  `gender` varchar(255) DEFAULT NULL,
  `img_url` varchar(255) DEFAULT '../images/avatar/default.png',
  `created_at` timestamp NULL DEFAULT CURRENT_TIMESTAMP,
  `updated_at` timestamp NULL DEFAULT CURRENT_TIMESTAMP,
  `isDeleted` tinyint(1) DEFAULT '0',
  PRIMARY KEY (`id`)
) ENGINE=InnoDB AUTO_INCREMENT=35 DEFAULT CHARSET=latin1;

/*Data for the table `accounts` */

insert  into `accounts`(`id`,`username`,`password`,`isAdmin`,`firstname`,`birthday`,`lastname`,`gender`,`img_url`,`created_at`,`updated_at`,`isDeleted`) values (28,'admin','1234',1,NULL,NULL,NULL,NULL,'../images/avatar/28.jpg','2018-01-16 09:08:04','2018-01-16 09:08:04',0),(29,'ashbee','1234',0,'Ashbee','1994-11-26','Morgado','Male','../images/avatar/default.png','2018-01-18 09:08:36','2018-01-18 09:08:36',1),(30,'RHU1','1234',0,'Marrian','1997-11-01','Ignacio','Female','../images/avatar/30.png','2018-01-30 19:46:06','2018-01-30 19:46:06',0),(31,'RHU2','1234',0,'Trixia','1997-11-21','Verona','Female','../images/avatar/default.png','2018-01-31 00:52:28','2018-01-31 00:52:28',0),(32,'RHU3','1234',0,'Lister','1997-11-01','Abais','Male','../images/avatar/default.png','2018-01-31 00:52:53','2018-01-31 00:52:53',0),(33,'ashbeemorgado','ashbee',0,'Ashbee','1994-11-26','Morgado','Male','../images/avatar/default.png','2018-02-01 08:36:29','2018-02-01 08:36:29',0),(34,'1234','1234',0,'1234','1993-11-22','1234','Male','../images/avatar/default.png','2018-02-01 08:36:50','2018-02-01 08:36:50',0);

/*Table structure for table `baranggays` */

DROP TABLE IF EXISTS `baranggays`;

CREATE TABLE `baranggays` (
  `id` int(15) unsigned NOT NULL AUTO_INCREMENT,
  `name` varchar(255) DEFAULT NULL,
  `created_at` timestamp NULL DEFAULT CURRENT_TIMESTAMP,
  `updated_at` timestamp NULL DEFAULT CURRENT_TIMESTAMP,
  `isDeleted` tinyint(1) DEFAULT '0',
  PRIMARY KEY (`id`)
) ENGINE=InnoDB AUTO_INCREMENT=26 DEFAULT CHARSET=latin1;

/*Data for the table `baranggays` */

insert  into `baranggays`(`id`,`name`,`created_at`,`updated_at`,`isDeleted`) values (1,'Poblacion','2018-01-04 12:21:28','2018-01-04 12:21:28',0),(2,'Cataning','2018-01-04 12:21:32','2018-01-04 12:21:32',0),(3,'Bagumbayan','2018-01-04 12:21:38','2018-01-04 12:21:38',0),(4,'Talisay','2018-01-04 12:21:41','2018-01-04 12:21:41',0),(5,'Malabia','2018-01-04 12:21:46','2018-01-04 12:21:46',0),(6,'San Jose\r\n','2018-01-04 12:21:46','2018-01-04 12:21:46',0),(7,'Ibayo','2018-01-04 12:21:52','2018-01-04 12:21:52',0),(8,'Dona Francisca','2018-01-04 12:21:56','2018-01-04 12:21:56',0),(9,'Cupang Proper','2018-01-04 12:21:59','2018-01-04 12:21:59',0),(10,'Cupang North','2018-01-04 12:22:03','2018-01-04 12:22:03',0),(11,'Cupang West','2018-01-04 12:22:04','2018-01-04 12:22:04',0),(12,'Sibacan','2018-01-04 12:22:07','2018-01-04 12:22:07',0),(13,'Tuyo','2018-01-04 12:22:10','2018-01-04 12:22:10',0),(14,'Puerto Rivas Ibaba','2018-01-04 12:22:18','2018-01-04 12:22:18',0),(15,'Puerto Rivas Itaas','2018-01-04 12:22:21','2018-01-04 12:22:21',0),(16,'Tortugas','2018-01-04 12:22:24','2018-01-04 12:22:24',0),(17,'Central','2018-01-04 12:22:27','2018-01-04 12:22:27',0),(18,'Tenejero','2018-01-04 12:22:30','2018-01-04 12:22:30',0),(19,'Camacho','2018-01-04 12:22:33','2018-01-04 12:22:33',0),(20,'Bagong Silang','2018-01-04 12:22:37','2018-01-04 12:22:37',0),(21,'Puerto Rivas Lote','2018-01-04 12:22:39','2018-01-04 12:22:39',0),(22,'Dangcol','2018-01-04 12:22:44','2018-01-04 12:22:44',0),(23,'Cabog-Cabog','2018-01-04 12:22:47','2018-01-04 12:22:47',0),(24,'Tanato','2018-01-04 12:22:52','2018-01-04 12:22:52',0),(25,'Munting Batangas','2018-01-04 12:22:53','2018-01-04 12:22:53',0);

/*Table structure for table `diseases` */

DROP TABLE IF EXISTS `diseases`;

CREATE TABLE `diseases` (
  `id` int(15) unsigned NOT NULL AUTO_INCREMENT,
  `disease_name` varchar(255) DEFAULT NULL,
  `description` longtext,
  `created_at` datetime DEFAULT CURRENT_TIMESTAMP,
  `updated_at` datetime DEFAULT CURRENT_TIMESTAMP,
  `isDeleted` tinyint(1) DEFAULT '0',
  PRIMARY KEY (`id`)
) ENGINE=InnoDB AUTO_INCREMENT=47 DEFAULT CHARSET=latin1;

/*Data for the table `diseases` */

insert  into `diseases`(`id`,`disease_name`,`description`,`created_at`,`updated_at`,`isDeleted`) values (12,'Abscess','A cutaneous abscess is a localized collection of pus in the skin and may occur on any skin surface. Symptoms and signs are pain and a tender and firm or fluctuant swelling. Diagnosis is usually obvious by examination. Treatment is incision and drainage.','2018-01-30 18:51:35','2018-01-30 18:51:35',0),(14,'Anemia','Anemia is a condition that develops when your blood lacks enough healthy red blood cells or hemoglobin. Hemoglobin is a main part of red blood cells and binds oxygen. If you have too few or abnormal red blood cells, or your hemoglobin is abnormal or low, the cells in your body will not get enough oxygen.','2018-01-30 19:06:34','2018-01-30 19:06:34',0),(15,'ARI (cough and colds)','The common cold, also known simply as a cold, is a viral infectious disease of the upper respiratory tract that primarily affects the nose. These may include coughing, sore throat, runny nose, sneezing, headache, and fever.','2018-01-30 19:06:49','2018-01-30 19:06:49',0),(16,'Arthritis','Arthritis is inflammation of one or more of your joints. The main symptoms of arthritis are joint pain and stiffness, which typically worsen with age. Osteoarthritis causes cartilage — the hard, slippery tissue that covers the ends of bones where they form a joint to break down.','2018-01-30 19:06:56','2018-01-30 19:06:56',0),(17,'Asthma','Asthma (AZ-ma) is a chronic (long-term) lung disease that inflames and narrows the airways. Asthma causes recurring periods of wheezing (a whistling sound when you breathe), chest tightness, shortness of breath, and coughing. The coughing often occurs at night or early in the morning.','2018-01-30 19:07:33','2018-01-30 19:07:33',0),(18,'ATP (sore throat)','A sore throat is pain, scratchiness or irritation of the throat that often worsens when you swallow. The most common cause of a sore throat (pharyngitis) is a viral infection, such as a cold or the flu. A sore throat caused by a virus resolves on its own','2018-01-30 19:07:41','2018-01-30 19:07:41',0),(19,'Bites','Stings and bites from insects are common. They often result in redness and swelling in the injured area. Sometimes a sting or bite can cause a life-threatening allergic reaction or transmit pathogens (viruses, bacteria or parasites, for example) to humans.','2018-01-30 19:08:00','2018-01-30 19:08:00',0),(20,'Burn','Treatments for a first-degree burn include: soaking the wound in cool water for five minutes or longer. taking acetaminophen or ibuprofen for pain relief. applying lidocaine (an anesthetic) with aloe vera gel or cream to soothe the skin.','2018-01-30 19:08:07','2018-01-30 19:08:07',0),(21,'CANCER','Cancer is the name given to a collection of related diseases. ... Many cancers form solid tumors, which are masses of tissue. Cancers of the blood, such as leukemias, generally do not form solid tumors. Cancerous tumors are malignant, which means they can spread into, or invade, nearby tissues.','2018-01-30 19:08:24','2018-01-30 19:08:24',0),(22,'Chicken Pox','Chickenpox is a very contagious disease caused by the varicella-zoster virus (VZV). It causes a blister-like rash, itching, tiredness, and fever. The rash appears first on the stomach, back and face and can spread over the entire body causing between 250 and 500 itchy blisters.','2018-01-30 19:08:33','2018-01-30 19:08:33',0),(23,'Conjunctivitis','Conjunctivitis is an inflammation or swelling of the conjunctiva. The conjunctiva is the thin transparent layer of tissue that lines the inner surface of the eyelid and covers the white part of the eye. Often called \"pink eye,\" conjunctivitis is a common eye disease, especially in children.','2018-01-30 19:08:45','2018-01-30 19:08:45',0),(24,'Dengue','An acute infectious disease caused by a flavivirus (species Dengue virus of the genus Flavivirus), transmitted by aedes mosquitoes, and characterized by headache, severe joint pain, and a rash called also breakbone fever, dengue fever.','2018-01-30 19:09:00','2018-01-30 19:09:00',0),(25,'Diabetes Mellitus','Diabetes mellitus: More commonly referred to as \"diabetes\" -- a chronic disease associated with abnormally high levels of the sugar glucose in the blood. ... Inadequate production of insulin (which is made by the pancreas and lowers blood glucose), or. Inadequate sensitivity of cells to the action of insulin.','2018-01-30 19:09:13','2018-01-30 19:09:13',0),(26,'Diarrhea','Diarrhea, also spelled diarrhoea, is the condition of having at least three loose or liquid bowel movements each day. It often lasts for a few days and can result in dehydration due to fluid loss.','2018-01-30 19:09:24','2018-01-30 19:09:24',0),(27,'Fever','Fever, also known as pyrexia and febrile response, is defined as having a temperature above the normal range due to an increase in the body\'s temperature set-point. ... A fever can be caused by many medical conditions ranging from not serious to potentially serious.','2018-01-30 19:09:31','2018-01-30 19:09:31',0),(28,'Goiter','A goiter (GOI-tur) is an abnormal enlargement of your thyroid gland. Your thyroid is a butterfly-shaped gland located at the base of your neck just below your Adam\'s apple. Although goiters are usually painless, a large goiter can cause a cough and make it difficult for you to swallow or breathe.','2018-01-30 19:09:48','2018-01-30 19:09:48',0),(29,'Headache','These headaches are often described as pounding, throbbing pain. They can last from 4 hours to 3 days and usually happen one to four times per month. Along with the pain, people have other symptoms, such as sensitivity to light, noise, or smells; nausea or vomiting; loss of appetite; and upset stomach or belly pain.','2018-01-30 19:09:57','2018-01-30 19:09:57',0),(30,'Heart disease','Cardiovascular disease generally refers to conditions that involve narrowed or blocked blood vessels that can lead to a heart attack, chest pain (angina) or stroke. Other heart conditions, such as those that affect your heart\'s muscle, valves or rhythm, also are considered forms of heart disease.','2018-01-30 19:10:05','2018-01-30 19:10:05',0),(31,'Hypertension','Hypertension (HTN or HT), also known as high blood pressure (HBP), is a long-term medical condition in which the blood pressure in the arteries is persistently elevated. High blood pressure usually does not cause symptoms.','2018-01-30 19:10:24','2018-01-30 19:10:24',0),(32,'Influenza','Influenza, commonly known as \"the flu\", is an infectious disease caused by an influenza virus. Symptoms can be mild to severe. The most common symptoms include: a high fever, runny nose, sore throat, muscle pains, headache, coughing, and feeling tired.','2018-01-30 19:10:36','2018-01-30 19:10:36',0),(33,'Intestinal parasitism','Intestinal parasite: A parasite (an organism that lives in or on and takes its nourishment from another organism) in the intestinal tract. Intestinal parasites include both helminths and protozoa. Helminths are worms such as tapeworms, pinworms, and roundworms.','2018-01-30 19:10:53','2018-01-30 19:10:53',0),(34,'Mass (bukol)','MASS (mitral valve prolapse, aortic enlargement, skin and skeletal findings) syndrome is a genetic disorder of connective tissue caused by mutations in the FBN1 gene . Connective tissue is the material between the cells of the body that gives tissues form and strength.','2018-01-30 19:11:05','2018-01-30 19:11:05',0),(35,'Nutritional deficies','An inadequate supply of essential nutrients (as vitamins and minerals) in the diet resulting in malnutrition or disease.','2018-01-30 19:11:21','2018-01-30 19:11:21',0),(36,'Otitis Media','Otitis media: Inflammation of the middle ear characterized by the accumulation of infected fluid in the middle ear, bulging of the eardrum, pain in the ear and, if eardrum is perforated, drainage of purulent material (pus) into the ear canal.','2018-01-30 19:11:31','2018-01-30 19:11:31',0),(37,'Pneumonia','Pneumonia. Pneumonia is a bacterial, viral, or fungal infection of one or both sides of the lungs that causes the air sacs, or alveoli, of the lungs to fill up with fluid or pus. Symptoms can be mild or severe and may include a cough with phlegm (a slimy substance), fever, chills, and trouble breathing.','2018-01-30 19:11:40','2018-01-30 19:11:40',0),(38,'Skin Disease','Acne—A disease that affects the skin\'s oil glands. ... Eczema—Also known as atopic dermatitis, this is a long-term skin disease. The most common symptoms are dry and itchy skin, rashes on the face, inside the elbows, behind the knees, and on the hands and feet.','2018-01-30 19:12:01','2018-01-30 19:12:01',0),(39,'Sore Eyes','Itchy, red, sore eyes. Allergies and eye infections can both cause your eyes to feel sore, red and itchy. Often, itchy or irritated eyes can become sore after excessive rubbing. The eye infection conjunctivitis is a particularly common cause of sore, red eyes.','2018-01-30 19:12:08','2018-01-30 19:12:08',0),(40,'Stomach Ache','A nonmedical term most often used to describe pain in the mid- or upper abdominal area. ... Various organs can be the source of pain in the upper abdomen, including the small intestine, colon, liver, gallbladder, and pancreas.','2018-01-30 19:12:15','2018-01-30 19:12:15',0),(41,'TB (Tuberculosis)',' (TB) is an infectious disease usually caused by the bacterium Mycobacterium tuberculosis (MTB). Tuberculosis generally affects the lungs, but can also affect other parts of the body. Most infections do not have symptoms, in which case it is known as latent tuberculosis','2018-01-30 19:12:26','2018-01-30 19:12:26',0),(42,'Toothache','Pain in the tooth or gum. The most common cause of a toothache is a cavity or an injury to a tooth that exposes the pulp, which is heavily supplied by nerves.','2018-01-30 19:12:35','2018-01-30 19:12:35',0),(43,'UTI (urinary tract infection)','An infection of the kidney, ureter, bladder, or urethra. Abbreviated UTI. Not everyone with a UTI has symptoms, but common symptoms include a frequent urge to urinate and pain or burning when urinating.','2018-01-30 19:12:50','2018-01-30 19:12:50',0),(44,'Wound','Necrotic tissue, slough, and eschar. The wound bed may be covered with necrotic tissue (non-viable tissue due to reduced blood supply), slough (dead tissue, usually cream or yellow in colour), or eschar (dry, black, hard necrotic tissue). Such tissue impedes healing.','2018-01-30 19:12:57','2018-01-30 19:12:57',0),(45,'HIV','HIV (human immunodeficiency virus) is a virus that attacks the immune system, the body\'s natural defense system. Without a strong immune system, the body has trouble fighting off disease. Both the virus and the infection it causes are called HIV. White blood cells are an important part of the immune system.','2018-01-31 02:23:02','2018-01-31 02:23:02',0),(46,'AIDS','AIDS is not a virus but a set of symptoms (or syndrome) caused by the HIV virus. A person is said to have AIDS when their immune system is too weak to fight off infection, and they develop certain defining symptoms and illnesses. This is the last stage of HIV, when the infection is very advanced, and if left untreated will lead to death.','2018-01-31 03:19:42','2018-01-31 03:19:42',0);

/*Table structure for table `outbreak` */

DROP TABLE IF EXISTS `outbreak`;

CREATE TABLE `outbreak` (
  `id` int(15) unsigned NOT NULL AUTO_INCREMENT,
  `patient_id` int(15) unsigned NOT NULL,
  `disease_id` int(15) unsigned NOT NULL,
  `status` varchar(255) DEFAULT NULL,
  `lattitude` varchar(255) DEFAULT NULL,
  `longitude` varchar(255) DEFAULT NULL,
  `created_at` timestamp NOT NULL DEFAULT CURRENT_TIMESTAMP,
  `updated_at` timestamp NOT NULL DEFAULT CURRENT_TIMESTAMP,
  `created_by` int(15) unsigned NOT NULL,
  `month` varchar(255) DEFAULT 'MONTH(CURRENT_TIMESTAMP)',
  `year` varchar(255) DEFAULT 'YEAR(CURRENT_TIMESTAMP)',
  PRIMARY KEY (`id`)
) ENGINE=InnoDB AUTO_INCREMENT=134 DEFAULT CHARSET=utf8;

/*Data for the table `outbreak` */

insert  into `outbreak`(`id`,`patient_id`,`disease_id`,`status`,`lattitude`,`longitude`,`created_at`,`updated_at`,`created_by`,`month`,`year`) values (19,29,26,'mortality','14.6781649','120.54194170000005','2018-02-06 01:44:24','2018-01-31 01:44:24',30,'2','2018'),(20,94,27,'mortality','14.6761261','120.53582529999994','2018-02-06 01:44:24','2018-01-31 01:44:48',30,'5','2018'),(21,105,29,'mortality','14.6761261','120.53582529999994','2018-02-06 01:44:24','2018-01-31 01:45:01',30,'5','2018'),(22,27,29,'mortality','14.682699577291094','120.5374002456665','2018-02-06 01:44:24','2018-01-31 01:45:11',30,'5','2018'),(23,27,24,'morbidity','14.682492007617832','120.53675651550293','2018-02-06 01:44:24','2018-01-31 01:45:47',30,'5','2018'),(24,115,20,'mortality','14.680997500154056','120.54061889648438','2018-02-06 01:44:24','2018-01-31 01:46:36',30,'5','2018'),(25,118,15,'morbidity','14.6787751','120.54446009999992','2018-01-31 01:47:24','2018-01-31 01:47:24',30,'2','2018'),(26,48,39,'morbidity','14.683031688358485','120.54317235946655','2018-02-06 01:44:24','2018-01-31 01:48:28',30,'8','2018'),(27,102,37,'morbidity','14.675476036799045','120.53572654724121','2018-01-31 01:48:46','2018-01-31 01:48:46',30,'8','2018'),(28,49,42,'morbidity','14.675434521509104','120.53499698638916','2018-02-06 01:44:24','2018-01-31 01:49:07',30,'8','2018'),(29,135,24,'morbidity','14.681080528614444','120.53924560546875','2018-01-31 01:49:25','2018-01-31 01:49:25',30,'8','2018'),(30,34,17,'morbidity','14.6822563','120.54733820000001','2018-02-06 01:44:24','2018-01-31 01:49:58',30,'11','2018'),(31,136,22,'morbidity','14.682865632887834','120.542893409729','2018-02-06 01:44:24','2018-01-31 01:50:23',30,'11','2018'),(32,134,30,'mortality','14.675309975592013','120.53461074829102','2018-02-06 01:44:24','2018-01-31 01:50:39',30,'2','2018'),(33,127,30,'mortality','14.625563','120.46744590000003','2018-02-06 01:44:24','2018-01-31 01:51:06',30,'2','2018'),(34,55,26,'morbidity','14.6781649','120.54194170000005','2018-01-31 01:51:38','2018-01-31 01:51:38',30,'2','2018'),(35,42,14,'morbidity','14.6785961','120.49624169999993','2018-02-06 01:44:24','2018-01-31 01:52:05',30,'2','2018'),(36,121,12,'morbidity','14.659575104651054','120.50817489624023','2018-01-31 01:52:59','2018-01-31 01:52:59',30,'2','2018'),(37,57,15,'morbidity','14.684650722588378','120.53718566894531','2018-02-06 01:44:24','2018-01-31 01:53:12',30,'2','2018'),(40,103,25,'morbidity','14.675725128373287','120.53581237792969','2018-02-06 01:44:24','2018-01-31 02:07:36',30,'2','2018'),(41,117,28,'morbidity','14.626357946566051','120.47015190124512','2018-02-06 01:44:24','2018-01-31 02:08:04',30,'2','2018'),(42,131,25,'morbidity','14.676596946649664','120.54190635681152','2018-02-06 01:44:24','2018-01-31 02:09:29',30,'2','2018'),(43,24,19,'morbidity','14.6827410912021','120.53641319274902','2018-02-06 01:44:24','2018-01-31 02:09:58',30,'2','2018'),(44,69,27,'morbidity','14.677593306139725','120.49607276916504','2018-02-06 01:44:24','2018-01-31 02:10:26',30,'2','2018'),(45,75,15,'morbidity','14.626108798876839','120.46929359436035','2018-01-31 02:10:52','2018-01-31 02:10:52',30,'2','2018'),(46,35,14,'morbidity','14.681869297415844','120.54733514785767','2018-02-06 01:44:24','2018-01-31 02:11:39',30,'2','2018'),(47,100,16,'morbidity','14.669705335949264','120.52401065826416','2018-01-31 02:12:01','2018-01-31 02:12:01',30,'2','2018'),(48,100,22,'morbidity','14.66999595042215','120.52263736724854','2018-02-06 01:44:24','2018-01-31 02:12:22',30,'2','2018'),(49,58,24,'morbidity','14.677551791251576','120.54280757904053','2018-01-31 02:12:40','2018-01-31 02:12:40',30,'2','2018'),(51,16,18,'morbidity','14.626274897367734','120.47272682189941','2018-02-06 01:44:24','2018-01-31 02:13:45',30,'2','2018'),(52,21,25,'morbidity','14.683405312706366','120.53770065307617','2018-02-06 01:44:24','2018-01-31 02:14:01',30,'2','2018'),(53,123,25,'morbidity','14.682408979693355','120.52542686462402','2018-02-06 01:44:24','2018-01-31 02:14:32',30,'2','2018'),(55,80,26,'morbidity','14.6613394','120.50775820000001','2018-02-06 01:44:24','2018-01-31 02:35:45',30,'2','2018'),(56,93,17,'morbidity','14.681329613806447','120.53958892822266','2018-01-31 02:36:09','2018-01-31 02:36:09',30,'2','2018'),(58,78,21,'mortality','14.66185859934259','120.50748825073242','2018-02-06 01:44:24','2018-01-31 02:37:20',30,'2','2018'),(59,116,24,'mortality','14.643548454069052','120.52744388580322','2018-01-31 02:38:02','2018-01-31 02:38:02',30,'2','2018'),(60,68,41,'morbidity','14.675517552081127','120.53564071655273','2018-02-06 01:44:24','2018-01-31 02:38:40',30,'2','2018'),(61,64,17,'morbidity','14.690794640836211','120.51495552062988','2018-02-06 01:44:24','2018-01-31 02:44:58',30,'2','2018'),(62,31,20,'morbidity','14.690628591262358','120.51469802856445','2018-02-06 01:44:24','2018-01-31 02:45:17',30,'2','2018'),(63,23,45,'mortality','14.683695908980004','120.542893409729','2018-02-06 01:44:24','2018-01-31 02:47:04',30,'2','2018'),(64,18,27,'morbidity','14.683073202206439','120.5376148223877','2018-02-06 01:44:24','2018-01-31 02:47:22',30,'2','2018'),(65,99,27,'morbidity','14.670162015661976','120.52401065826416','2018-02-06 01:44:24','2018-01-31 02:47:40',30,'2','2018'),(66,40,21,'mortality','14.675268460270555','120.53581237792969','2018-02-06 01:44:24','2018-01-31 02:48:06',30,'2','2018'),(67,62,24,'morbidity','14.675434521509104','120.53534030914307','2018-02-06 01:44:24','2018-01-31 02:48:23',30,'2','2018'),(68,12,18,'morbidity','14.675268460270555','120.53508281707764','2018-02-06 01:44:24','2018-01-31 02:48:41',30,'2','2018'),(69,51,40,'morbidity','14.67763482102','120.54216384887695','2018-02-06 01:44:24','2018-01-31 02:50:17',30,'2','2018'),(74,65,15,'morbidity','14.677551791251576','120.54160594940186','2018-01-31 02:53:36','2018-01-31 02:53:36',30,'2','2018'),(76,90,26,'morbidity','14.677261186813936','120.54212093353271','2018-02-06 01:44:24','2018-01-31 02:57:59',30,'2','2018'),(78,56,22,'morbidity','14.64466952733133','120.5266284942627','2018-02-06 01:44:24','2018-01-31 02:58:50',30,'2','2018'),(79,28,41,'morbidity','14.67535149090558','120.53572654724121','2018-02-06 01:44:24','2018-01-31 02:59:15',30,'2','2018'),(80,83,43,'morbidity','14.690213466775768','120.51547050476074','2018-02-06 01:44:24','2018-01-31 02:59:36',30,'2','2018'),(81,126,43,'morbidity','14.675849674054039','120.53632736206055','2018-02-06 01:44:24','2018-01-31 02:59:49',30,'2','2018'),(83,30,17,'morbidity','14.676679976780493','120.54259300231934','2018-01-31 03:00:22','2018-01-31 03:00:22',30,'2','2018'),(84,130,21,'morbidity','14.642302810388792','120.52817344665527','2018-02-06 01:44:24','2018-01-31 03:00:45',30,'2','2018'),(87,32,43,'morbidity','14.675600582621625','120.5353832244873','2018-01-31 03:01:44','2018-01-31 03:01:44',30,'2','2018'),(89,25,45,'mortality','14.675517552081127','120.53611278533936','2018-02-06 01:44:24','2018-01-31 03:06:54',30,'2','2018'),(90,101,45,'mortality','14.6471847','120.46168599999999','2018-01-31 03:07:20','2018-01-31 03:07:20',30,'2','2018'),(91,53,45,'mortality','14.67825754327854','120.4991626739502','2018-01-31 03:07:44','2018-01-31 03:07:44',30,'2','2018'),(92,70,45,'mortality','14.673856934653928','120.53787231445312','2018-01-31 03:07:54','2018-01-31 03:07:54',30,'2','2018'),(93,113,45,'mortality','14.660239396471479','120.50843238830566','2018-01-31 03:08:13','2018-01-31 03:08:13',30,'2','2018'),(94,38,45,'mortality','14.668044674416153','120.48680305480957','2018-01-31 03:08:31','2018-01-31 03:08:31',30,'2','2018'),(95,106,46,'mortality','14.680748414583798','120.54001808166504','2018-01-31 03:20:37','2018-01-31 03:20:37',30,'2','2018'),(96,63,46,'mortality','14.6787751','120.54446009999992','2018-01-31 03:21:01','2018-01-31 03:21:01',30,'2','2018'),(97,45,46,'mortality','14.682990174502653','120.54229259490967','2018-01-31 03:21:15','2018-01-31 03:21:15',30,'2','2018'),(98,92,46,'mortality','14.660446987252175','120.50817489624023','2018-01-31 03:21:32','2018-01-31 03:21:32',30,'2','2018'),(99,72,46,'mortality','14.675393006211285','120.53598403930664','2018-01-31 03:21:57','2018-01-31 03:21:57',30,'2','2018'),(100,54,46,'mortality','14.67535149090558','120.53585529327393','2018-01-31 03:23:12','2018-01-31 03:23:12',30,'2','2018'),(101,120,46,'mortality','14.682990174502653','120.52371025085449','2018-01-31 03:23:36','2018-01-31 03:23:36',30,'2','2018'),(102,129,21,'mortality','14.6827410912021','120.52375316619873','2018-01-31 03:34:48','2018-01-31 03:34:48',30,'2','2018'),(103,79,21,'mortality','14.644752569567185','120.5260705947876','2018-01-31 03:35:12','2018-01-31 03:35:12',30,'2','2018'),(104,73,21,'mortality','14.668335291093955','120.48500061035156','2018-01-31 03:37:23','2018-01-31 03:37:23',30,'2','2018'),(105,22,21,'mortality','14.660571541626144','120.50723075866699','2018-01-31 03:37:48','2018-01-31 03:37:48',30,'2','2018'),(106,125,21,'mortality','14.6819938395981','120.54864406585693','2018-01-31 03:38:06','2018-01-31 03:38:06',30,'2','2018'),(107,26,21,'mortality','14.681163557043297','120.54061889648438','2018-01-31 04:09:45','2018-01-31 04:09:45',30,'2','2018'),(108,13,17,'morbidity','14.6787751','120.54446009999992','2018-01-31 04:31:57','2018-01-31 04:31:57',30,'2','2018'),(109,107,17,'morbidity','14.681080528614444','120.54096221923828','2018-01-31 04:33:25','2018-01-31 04:33:25',30,'2','2018'),(110,60,17,'morbidity','14.659492068031842','120.50989151000977','2018-01-31 04:36:53','2018-01-31 04:36:53',30,'2','2018'),(111,114,17,'morbidity','14.682575035510784','120.53778648376465','2018-01-31 04:37:07','2018-01-31 04:37:07',30,'2','2018'),(112,26,17,'morbidity','14.681080528614444','120.54147720336914','2018-01-31 04:37:17','2018-01-31 04:37:17',30,'2','2018'),(113,33,17,'morbidity','14.6826580633722','120.53787231445312','2018-01-31 04:37:36','2018-01-31 04:37:36',30,'2','2018'),(114,89,17,'morbidity','14.675600582621625','120.53744316101074','2018-01-31 04:37:57','2018-01-31 04:37:57',30,'2','2018'),(115,44,17,'morbidity','14.683156229878712','120.54272174835205','2018-01-31 04:38:24','2018-01-31 04:38:24',30,'2','2018'),(116,17,17,'morbidity','14.682865632887834','120.52336692810059','2018-01-31 04:38:35','2018-01-31 04:38:35',30,'2','2018'),(117,91,17,'morbidity','14.682450493659525','120.53727149963379','2018-01-31 04:38:46','2018-01-31 04:38:46',30,'2','2018'),(118,133,17,'morbidity','14.680914471662165','120.54079055786133','2018-01-31 04:38:56','2018-01-31 04:38:56',30,'2','2018'),(119,86,17,'morbidity','14.66999595042215','120.52418231964111','2018-01-31 04:39:05','2018-01-31 04:39:05',30,'2','2018'),(120,109,17,'morbidity','14.68361288151266','120.54272174835205','2018-01-31 04:39:30','2018-01-31 04:39:30',30,'2','2018'),(121,85,17,'morbidity','14.660197878291735','120.50808906555176','2018-01-31 04:39:44','2018-01-31 04:39:44',30,'2','2018'),(122,20,17,'morbidity','14.683280771328016','120.53692817687988','2018-01-31 04:39:54','2018-01-31 04:39:54',30,'2','2018'),(123,61,17,'morbidity','14.682492007617832','120.52375316619873','2018-01-31 04:40:03','2018-01-31 04:40:03',30,'2','2018'),(124,84,17,'morbidity','14.681869297415844','120.54787158966064','2018-01-31 04:40:13','2018-01-31 04:40:13',30,'2','2018'),(125,108,17,'morbidity','14.678340572779074','120.5416488647461','2018-01-31 04:40:29','2018-01-31 04:40:29',30,'2','2018'),(126,41,17,'morbidity','14.677468761451651','120.54156303405762','2018-01-31 04:40:38','2018-01-31 04:40:38',30,'2','2018'),(127,82,17,'morbidity','14.68431861398013','120.54306507110596','2018-01-31 04:40:48','2018-01-31 04:40:48',30,'2','2018'),(128,104,17,'morbidity','14.68323925751946','120.54237842559814','2018-01-31 04:40:56','2018-01-31 04:40:56',30,'2','2018'),(129,14,17,'morbidity','14.679295409769805','120.5458116531372','2018-01-31 04:41:18','2018-01-31 04:41:18',30,'2','2018'),(130,71,17,'morbidity','14.677302701757236','120.54182052612305','2018-01-31 04:41:25','2018-01-31 04:41:25',30,'2','2018'),(131,77,17,'morbidity','14.675517552081127','120.53602695465088','2018-01-31 04:41:33','2018-01-31 04:41:33',30,'2','2018'),(132,119,17,'morbidity','14.669290171747187','120.48645973205566','2018-01-31 04:41:50','2018-01-31 04:41:50',30,'2','2018'),(133,67,17,'morbidity','14.683571367767158','120.54293632507324','2018-01-31 04:42:02','2018-01-31 04:42:02',30,'2','2018');

/*Table structure for table `patients` */

DROP TABLE IF EXISTS `patients`;

CREATE TABLE `patients` (
  `id` int(15) unsigned NOT NULL AUTO_INCREMENT,
  `firstname` varchar(255) DEFAULT NULL,
  `lastname` varchar(255) DEFAULT NULL,
  `birthday` varchar(255) DEFAULT NULL,
  `address` varchar(255) DEFAULT NULL,
  `contact` varchar(255) DEFAULT NULL,
  `gender` varchar(255) DEFAULT NULL,
  `baranggay_id` int(15) unsigned NOT NULL,
  `created_at` datetime DEFAULT CURRENT_TIMESTAMP,
  `updated_at` datetime DEFAULT CURRENT_TIMESTAMP,
  `isDeleted` tinyint(1) DEFAULT '0',
  `created_by` int(15) unsigned DEFAULT NULL,
  `zone` varchar(255) DEFAULT NULL,
  `block` varchar(255) DEFAULT NULL,
  `street` varchar(255) DEFAULT NULL,
  PRIMARY KEY (`id`)
) ENGINE=InnoDB AUTO_INCREMENT=139 DEFAULT CHARSET=latin1;

/*Data for the table `patients` */

insert  into `patients`(`id`,`firstname`,`lastname`,`birthday`,`address`,`contact`,`gender`,`baranggay_id`,`created_at`,`updated_at`,`isDeleted`,`created_by`,`zone`,`block`,`street`) values (6,'Glaiza','Belamide','1997-06-28','WALA EH','639171101126','Male',20,'2018-01-30 19:48:14','2018-01-30 19:48:14',0,30,NULL,NULL,NULL),(7,'Marrian','Ignacio','1997-11-01','WALA EH','639171101126','Female',3,'2018-01-30 19:49:55','2018-01-30 19:49:55',0,30,NULL,NULL,NULL),(8,'Lister','Abais','1990-02-14','WALA EH','639171101126','Male',23,'2018-01-30 20:05:39','2018-01-30 20:05:39',0,30,NULL,NULL,NULL),(9,'Leigh','Navarro','1998-08-29','WALA EH','639171101126','Female',19,'2018-01-30 20:07:43','2018-01-30 20:07:43',0,30,NULL,NULL,NULL),(10,'Nico','Recto','1994-11-28','WALA EH','639171101126','Male',2,'2018-01-30 20:08:11','2018-01-30 20:08:11',0,30,NULL,NULL,NULL),(11,'Mario','Dayag','1993-12-11','WALA EH','639171101126','Male',17,'2018-01-30 20:08:41','2018-01-30 20:08:41',0,30,NULL,NULL,NULL),(12,'Glaiza','Belamide','1998-06-20','WALA EH','639171101126','Female',6,'2018-01-30 21:15:00','2018-01-30 21:15:00',0,30,NULL,NULL,NULL),(13,'Marrian','Ignacio','1997-11-01','WALA EH','639171101126','Female',3,'2018-01-30 21:15:20','2018-01-30 21:15:20',0,30,NULL,NULL,NULL),(14,'Trixia','Verona','1998-01-07','WALA EH','639171101126','Female',3,'2018-01-30 21:15:47','2018-01-30 21:15:47',0,30,NULL,NULL,NULL),(15,'Leigh','Navarro','1999-08-25','WALA EH','639171101126','Female',3,'2018-01-30 21:16:09','2018-01-30 21:16:09',0,30,NULL,NULL,NULL),(16,'Danica','Silvestre','1994-11-23','WALA EH','639171101126','Female',23,'2018-01-30 21:16:37','2018-01-30 21:16:37',0,30,NULL,NULL,NULL),(17,'Pamela','Ramos','1992-12-20','WALA EH','639171101126','Female',19,'2018-01-30 21:17:17','2018-01-30 21:17:17',0,30,NULL,NULL,NULL),(18,'Francheska','Ramos','1994-12-07','WALA EH','639171101126','Female',7,'2018-01-30 21:17:39','2018-01-30 21:17:39',0,30,NULL,NULL,NULL),(19,'Lea','Pantaleon','1998-08-07','WALA EH','639171101126','Female',17,'2018-01-30 21:18:00','2018-01-30 21:18:00',0,30,NULL,NULL,NULL),(20,'Roderick','Roxas','1992-10-31','WALA EH','639171101126','Male',7,'2018-01-30 21:19:30','2018-01-30 21:19:30',0,30,NULL,NULL,NULL),(21,'Daniel','Salazar','1992-04-18','WALA EH','639171101126','Male',7,'2018-01-30 21:19:50','2018-01-30 21:19:50',0,30,NULL,NULL,NULL),(22,'Mario','Dayag','1993-11-25','WALA EH','639171101126','Male',2,'2018-01-30 21:21:36','2018-01-30 21:21:36',0,30,NULL,NULL,NULL),(23,'Fervs','Molinar','1989-11-21','WALA EH','639171101126','Male',8,'2018-01-30 21:22:04','2018-01-30 21:22:04',0,30,NULL,NULL,NULL),(24,'Carlo','Manalo','1991-03-25','WALA EH','639171101126','Male',7,'2018-01-30 21:22:27','2018-01-30 21:22:27',0,30,NULL,NULL,NULL),(25,'Kenneth','Dimaculangan','1990-11-28','WALA EH','639171101126','Male',6,'2018-01-30 21:23:32','2018-01-30 21:23:32',0,30,NULL,NULL,NULL),(26,'Nico','Recto','1997-04-25','walwalawla','639171101126','Male',5,'2018-01-30 21:23:54','2018-01-30 21:23:54',0,30,NULL,NULL,NULL),(27,'Ahmida','Said','1994-04-17','WALA EH','639171101126','Female',7,'2018-01-30 21:25:34','2018-01-30 21:25:34',0,30,NULL,NULL,NULL),(28,'Jerson','Terre','1998-02-25','WALA EH','639171101126','Male',6,'2018-01-30 21:26:01','2018-01-30 21:26:01',0,30,NULL,NULL,NULL),(29,'Adrian','Cascasan','2000-12-21','WALA EH','639171101126','Female',1,'2018-01-30 21:34:18','2018-01-30 21:34:18',0,30,NULL,NULL,NULL),(30,'Jordan','Datario','1992-12-07','WALA EH','639171101126','Male',1,'2018-01-30 21:34:43','2018-01-30 21:34:43',0,30,NULL,NULL,NULL),(31,'Erwin','Sales','1999-02-15','WALA EH','639171101126','Male',13,'2018-01-30 21:35:15','2018-01-30 21:35:15',0,30,NULL,NULL,NULL),(32,'Juvineal','Tolentino','2000-02-19','WALA EH','639171101126','Male',6,'2018-01-30 21:35:49','2018-01-30 21:35:49',0,30,NULL,NULL,NULL),(33,'Nicolas','Tovera','2001-02-05','WALA EH','639171101126','Male',7,'2018-01-30 21:36:33','2018-01-30 21:36:33',0,30,NULL,NULL,NULL),(34,'Angelica','Apales','1996-08-15','WALA EH','639171101126','Female',4,'2018-01-30 21:37:02','2018-01-30 21:37:02',0,30,NULL,NULL,NULL),(35,'Charish','Bon','1997-02-26','WALA EH','639171101126','Female',4,'2018-01-30 21:37:25','2018-01-30 21:37:25',0,30,NULL,NULL,NULL),(36,'Kyla','Fernadez','2005-11-09','WALA EH','639171101126','Female',1,'2018-01-30 21:37:52','2018-01-30 21:37:52',0,30,NULL,NULL,NULL),(37,'Kimberly','Ignacio','2000-05-29','WALA EH','639171101126','Female',6,'2018-01-30 21:38:51','2018-01-30 21:38:51',0,30,NULL,NULL,NULL),(38,'Kystalli','Del Rosario','1990-12-11','WALA EH','639171101126','Female',20,'2018-01-30 21:39:29','2018-01-30 21:39:29',0,30,NULL,NULL,NULL),(39,'Karyll','Banzon','1989-12-19','WALA EH','639171101126','Female',5,'2018-01-30 21:40:02','2018-01-30 21:40:02',0,30,NULL,NULL,NULL),(40,'Gerlie','Abad','1970-11-28','WALA EH','639171101126','Female',6,'2018-01-30 21:40:35','2018-01-30 21:40:35',0,30,NULL,NULL,NULL),(41,'Shan','Reyes','1985-02-18','WALA EH','639171101126','Male',1,'2018-01-30 21:41:07','2018-01-30 21:41:07',0,30,NULL,NULL,NULL),(42,'Arvy','Garais','1983-03-21','WALA EH','639171101126','Female',25,'2018-01-30 21:41:53','2018-01-30 21:41:53',0,30,NULL,NULL,NULL),(43,'Meldy','Mendoza','1985-03-15','WALA EH','639171101126','Female',25,'2018-01-30 21:42:20','2018-01-30 21:42:20',0,30,NULL,NULL,NULL),(44,'Norma','Cruz','1960-03-26','WALA EH','639171101126','Female',8,'2018-01-30 21:42:50','2018-01-30 21:42:50',0,30,NULL,NULL,NULL),(45,'Ivy','Landares','1972-12-19','WALA EH','639171101126','Female',8,'2018-01-30 21:43:17','2018-01-30 21:43:17',0,30,NULL,NULL,NULL),(46,'Jasmin','Mendoza','1956-02-05','WALA EH','639171101126','Female',22,'2018-01-30 21:43:45','2018-01-30 21:43:45',0,30,NULL,NULL,NULL),(47,'Riana','Cruz','1980-02-06','WALA EH','639171101126','Female',3,'2018-01-30 21:44:20','2018-01-30 21:44:20',0,30,NULL,NULL,NULL),(48,'Alex','Magracia','1988-12-18','WALA EH','639171101126','Male',8,'2018-01-30 21:44:48','2018-01-30 21:44:48',0,30,NULL,NULL,NULL),(49,'Anabel','Tranate','1965-12-08','WALA EH','639171101126','Female',6,'2018-01-30 21:45:15','2018-01-30 21:45:15',0,30,NULL,NULL,NULL),(50,'Maribel','Ignacio','1975-09-24','WALA EH','639171101126','Female',1,'2018-01-30 21:45:45','2018-01-30 21:45:45',0,30,NULL,NULL,NULL),(51,'Hans','Ignacio','2005-05-06','WALA EH','639171101126','Male',1,'2018-01-30 21:46:30','2018-01-30 21:46:30',0,30,NULL,NULL,NULL),(52,'Joy','Ignacio','1979-11-11','WALA EH','639171101126','Female',7,'2018-01-30 21:47:07','2018-01-30 21:47:07',0,30,NULL,NULL,NULL),(53,'Lister','Abais','1980-02-19','WALA EH','639171101126','Female',25,'2018-01-30 21:47:41','2018-01-30 21:47:41',0,30,NULL,NULL,NULL),(54,'Kenneth','Herbon','1970-11-26','WALA EH','639171101126','Male',6,'2018-01-30 21:49:46','2018-01-30 21:49:46',0,30,NULL,NULL,NULL),(55,'Arlene','Herbon','1973-02-10','WALA EH','639171101126','Female',1,'2018-01-30 21:50:16','2018-01-30 21:50:16',0,30,NULL,NULL,NULL),(56,'Jenikka','Mendoza','1992-11-26','WALA EH','639171101126','Female',17,'2018-01-30 21:50:36','2018-01-30 21:50:36',0,30,NULL,NULL,NULL),(57,'Ashbee','Morgado','1994-11-26','WALA EH','639171101126','Male',7,'2018-01-30 21:51:07','2018-01-30 21:51:07',0,30,NULL,NULL,NULL),(58,'Clara','David','1997-11-25','WALA EH','639171101126','Female',1,'2018-01-30 21:51:27','2018-01-30 21:51:27',0,30,NULL,NULL,NULL),(59,'Nelson ','Tan','1975-12-06','WALA EH','639171101126','Male',17,'2018-01-30 21:51:57','2018-01-30 21:51:57',0,30,NULL,NULL,NULL),(60,'Miles','Dela Rosa','1986-05-15','WALA EH','639171101126','Male',2,'2018-01-30 21:52:28','2018-01-30 21:52:28',0,30,NULL,NULL,NULL),(61,'Ronald','Dolores','1997-02-28','WALA EH','639171101126','Male',19,'2018-01-30 21:52:52','2018-01-30 21:52:52',0,30,NULL,NULL,NULL),(62,'Giselle','Gelacio','1998-11-26','WALA EH','639171101126','Female',6,'2018-01-30 21:53:48','2018-01-30 21:53:48',0,30,NULL,NULL,NULL),(63,'Ivy','Valencia','1963-02-10','WALA EH','639171101126','Female',3,'2018-01-30 21:54:24','2018-01-30 21:54:24',0,30,NULL,NULL,NULL),(64,'Elisa','Yi','1960-12-18','WALA EH','639171101126','Female',13,'2018-01-30 21:54:58','2018-01-30 21:54:58',0,30,NULL,NULL,NULL),(65,'Jamie','Dela Cruz','1996-12-01','WALA EH','639171101126','Female',1,'2018-01-30 21:55:28','2018-01-30 21:55:28',0,30,NULL,NULL,NULL),(66,'Marrian','Ignacio','1997-11-01','WALA EH','639171101126','Female',24,'2018-01-30 21:56:02','2018-01-30 21:56:02',0,30,NULL,NULL,NULL),(67,'Zenaida','Tutol','1963-12-14','WALA EH','639171101126','Female',8,'2018-01-30 21:56:56','2018-01-30 21:56:56',0,30,NULL,NULL,NULL),(68,'Edward','Tutol','1965-11-26','WALA EH','639171101126','Male',6,'2018-01-30 21:57:28','2018-01-30 21:57:28',0,30,NULL,NULL,NULL),(69,'Casey','Pajardo','1982-05-08','WALA EH','639171101126','Female',25,'2018-01-30 21:58:30','2018-01-30 21:58:30',0,30,NULL,NULL,NULL),(70,'Leila','Tolentino','1989-12-19','WALA EH','639171101126','Female',6,'2018-01-30 21:58:54','2018-01-30 21:58:54',0,30,NULL,NULL,NULL),(71,'Waren','Tolentino','1990-12-28','WALA EH','639171101126','Male',1,'2018-01-30 21:59:18','2018-01-30 21:59:18',0,30,NULL,NULL,NULL),(72,'Jena','Arenga','1970-01-12','WALA EH','639171101126','Female',6,'2018-01-30 21:59:59','2018-01-30 21:59:59',0,30,NULL,NULL,NULL),(73,'Mack','Tolentino','1997-04-18','WALA EH','639171101126','Male',20,'2018-01-30 22:15:57','2018-01-30 22:15:57',0,30,NULL,NULL,NULL),(74,'Merry','Mercado','2003-08-31','WALA EH','639171101126','Female',3,'2018-01-30 22:25:52','2018-01-30 22:25:52',0,30,NULL,NULL,NULL),(75,'Cata','Mercado','1980-11-25','WALA EH','639171101126','Female',23,'2018-01-30 22:26:55','2018-01-30 22:26:55',0,30,NULL,NULL,NULL),(76,'Melanie','Sartiga','1981-06-25','WALA EH','639171101126','Female',23,'2018-01-30 22:34:12','2018-01-30 22:34:12',0,30,NULL,NULL,NULL),(77,'Wayne','Sartiga','2014-02-25','WALA EH','639171101126','Male',6,'2018-01-30 22:35:02','2018-01-30 22:35:02',0,30,NULL,NULL,NULL),(78,'Dolores','Arrofo','1952-03-31','WALA EH','639171101126','Female',2,'2018-01-30 22:35:43','2018-01-30 22:35:43',0,30,NULL,NULL,NULL),(79,'Maan','Arrofo','2001-01-16','WALA EH','639171101126','Female',17,'2018-01-30 22:36:07','2018-01-30 22:36:07',0,30,NULL,NULL,NULL),(80,'Derek ','Arrofo','2008-08-05','WALA EH','639171101126','Male',2,'2018-01-30 22:36:56','2018-01-30 22:36:56',0,30,NULL,NULL,NULL),(81,'Avy','Arrofo','1986-12-21','WALA EH','639171101126','Female',6,'2018-01-30 22:37:34','2018-01-30 22:37:34',0,30,NULL,NULL,NULL),(82,'Sharon','Panlilio','1972-09-26','WALA EH','639171101126','Female',8,'2018-01-30 22:37:57','2018-01-30 22:37:57',0,30,NULL,NULL,NULL),(83,'Jery','Cong','1950-06-19','WALA EH','639171101126','Male',13,'2018-01-30 22:38:23','2018-01-30 22:38:23',0,30,NULL,NULL,NULL),(84,'Rusty','Palacay','1989-04-26','WALA EH','639171101126','Male',4,'2018-01-30 22:39:03','2018-01-30 22:39:03',0,30,NULL,NULL,NULL),(85,'Richmon','Carabeo','1980-11-25','WALA EH','639171101126','Male',2,'2018-01-30 22:39:49','2018-01-30 22:39:49',0,30,NULL,NULL,NULL),(86,'Percian','Borja','1999-12-12','WALA EH','639171101126','Male',18,'2018-01-30 22:40:13','2018-01-30 22:40:13',0,30,NULL,NULL,NULL),(87,'Alecs','Fullero','1993-12-18','WALA EH','639171101126','Female',6,'2018-01-30 22:40:53','2018-01-30 22:40:53',0,30,NULL,NULL,NULL),(88,'Jam','Tolentino','1992-04-19','WALA EH','639171101126','Female',4,'2018-01-30 22:41:21','2018-01-30 22:41:21',0,30,NULL,NULL,NULL),(89,'Nikka','Harris','1991-11-11','WALA EH','639171101126','Female',6,'2018-01-30 22:41:50','2018-01-30 22:41:50',0,30,NULL,NULL,NULL),(90,'Jazzelle','Nojadera','1996-12-19','WALA EH','639171101126','Female',1,'2018-01-30 22:42:25','2018-01-30 22:42:25',0,30,NULL,NULL,NULL),(91,'Patricia','Dajano','1963-09-19','WALA EH','639171101126','Male',7,'2018-01-30 22:43:58','2018-01-30 22:43:58',0,30,NULL,NULL,NULL),(92,'Dina','Aguiza','1982-02-05','WALA EH','639171101126','Female',2,'2018-01-30 22:44:27','2018-01-30 22:44:27',0,30,NULL,NULL,NULL),(93,'Cristel','Santos','2003-12-19','WALA EH','639171101126','Female',5,'2018-01-30 22:45:00','2018-01-30 22:45:00',0,30,NULL,NULL,NULL),(94,'Adrian','Ignacio','1973-09-06','WALA EH','639171101126','Male',6,'2018-01-30 22:45:37','2018-01-30 22:45:37',0,30,NULL,NULL,NULL),(95,'Terista','Rios','1949-04-18','WALA EH','639171101126','Female',24,'2018-01-30 22:46:16','2018-01-30 22:46:16',0,30,NULL,NULL,NULL),(96,'Juliet','Rios','1956-12-11','WALA EH','639171101126','Female',13,'2018-01-30 22:47:42','2018-01-30 22:47:42',0,30,NULL,NULL,NULL),(97,'Karen','Rios','1999-05-29','WALA EH','639171101126','Female',13,'2018-01-30 22:48:13','2018-01-30 22:48:13',0,30,NULL,NULL,NULL),(98,'Jake','Banzon','1980-11-26','WALA EH','639171101126','Male',13,'2018-01-30 22:48:34','2018-01-30 22:48:34',0,30,NULL,NULL,NULL),(99,'Gabby','Delda','2016-04-18','WALA EH','639171101126','Male',18,'2018-01-30 22:48:57','2018-01-30 22:48:57',0,30,NULL,NULL,NULL),(100,'Charmaine','Delda','1995-11-13','WALA EH','639171101126','Female',18,'2018-01-30 22:49:33','2018-01-30 22:49:33',0,30,NULL,NULL,NULL),(101,'Kevis','Rios','1963-12-11','WALA EH','639171101126','Male',24,'2018-01-30 22:50:20','2018-01-30 22:50:20',0,30,NULL,NULL,NULL),(102,'Alex','Dizon','1980-02-23','WALA EH','639171101126','Male',6,'2018-01-30 22:50:47','2018-01-30 22:50:47',0,30,NULL,NULL,NULL),(103,'Bea','Uy','1995-12-19','WALA EH','639171101126','Female',6,'2018-01-30 22:51:22','2018-01-30 22:51:22',0,30,NULL,NULL,NULL),(104,'Star','Dizon','1983-12-07','WALA EH','639171101126','Female',8,'2018-01-30 22:51:46','2018-01-30 22:51:46',0,30,NULL,NULL,NULL),(105,'Agot','Cruz','1990-12-13','WALA EH','639171101126','Female',6,'2018-01-30 22:52:13','2018-01-30 22:52:13',0,30,NULL,NULL,NULL),(106,'Hazel','Loreto','1995-12-05','WALA EH','639171101126','Female',5,'2018-01-30 22:52:45','2018-01-30 22:52:45',0,30,NULL,NULL,NULL),(107,'Mika','Magtanong','1998-05-14','WALA EH','639171101126','Female',5,'2018-01-30 22:53:10','2018-01-30 22:53:10',0,30,NULL,NULL,NULL),(108,'Sam','Magtanong','1994-12-16','WALA EH','639171101126','Female',1,'2018-01-30 22:53:32','2018-01-30 22:53:32',0,30,NULL,NULL,NULL),(109,'Rian','Balado','2015-01-18','WALA EH','639171101126','Female',8,'2018-01-30 22:54:21','2018-01-30 22:54:21',0,30,NULL,NULL,NULL),(110,'Mayann','Balado','1983-05-09','WALA EH','639171101126','Female',22,'2018-01-30 22:54:45','2018-01-30 22:54:45',0,30,NULL,NULL,NULL),(111,'Marjorie','Arrofo','2004-09-24','WALA EH','639171101126','Female',5,'2018-01-30 22:55:14','2018-01-30 22:55:14',0,30,NULL,NULL,NULL),(112,'Kenjee','Santos','2012-12-11','WALA EH','639171101126','Male',6,'2018-01-30 22:55:42','2018-01-30 22:55:42',0,30,NULL,NULL,NULL),(113,'Laica','Deguzman','1991-10-26','WALA EH','639171101126','Female',2,'2018-01-30 23:01:06','2018-01-30 23:01:06',0,30,NULL,NULL,NULL),(114,'Neslyn','Jornal','1993-08-26','WALA EH','639171101126','Female',7,'2018-01-30 23:01:27','2018-01-30 23:01:27',0,30,NULL,NULL,NULL),(115,'Aiza','Santos','1985-10-26','WALA EH','639171101126','Female',5,'2018-01-30 23:01:56','2018-01-30 23:01:56',0,30,NULL,NULL,NULL),(116,'Ed','Sheeran','1950-10-20','WALA EH','639171101126','Male',17,'2018-01-30 23:02:35','2018-01-30 23:02:35',0,30,NULL,NULL,NULL),(117,'Bruno','Mars','1962-12-18','WALA EH','639171101126','Male',23,'2018-01-30 23:03:06','2018-01-30 23:03:06',0,30,NULL,NULL,NULL),(118,'Aldrin','Alburo','1996-12-19','WALA EH','639171101126','Male',3,'2018-01-30 23:04:14','2018-01-30 23:04:14',0,30,NULL,NULL,NULL),(119,'Wilson','Alfonso','1980-05-26','WALA EH','639171101126','Male',20,'2018-01-30 23:04:39','2018-01-30 23:04:39',0,30,NULL,NULL,NULL),(120,'Mark','Ballada','1956-12-19','WALA EH','639171101126','Male',19,'2018-01-30 23:04:56','2018-01-30 23:04:56',0,30,NULL,NULL,NULL),(121,'Aser','Dela Rosa','1955-06-29','WALA EH','639171101126','Male',2,'2018-01-30 23:06:45','2018-01-30 23:06:45',0,30,NULL,NULL,NULL),(122,'Juan','Cruz','1980-10-07','WALA EH','639171101126','Male',5,'2018-01-30 23:07:26','2018-01-30 23:07:26',0,30,NULL,NULL,NULL),(123,'Denver','Reyes','1956-12-08','WALA EH','639171101126','Male',19,'2018-01-30 23:07:51','2018-01-30 23:07:51',0,30,NULL,NULL,NULL),(124,'Marc','Tamoro','1960-02-19','WALA EH','639171101126','Male',1,'2018-01-30 23:08:27','2018-01-30 23:08:27',0,30,NULL,NULL,NULL),(125,'Marl','Seramines','1980-04-15','WALA EH','639171101126','Male',4,'2018-01-30 23:08:54','2018-01-30 23:08:54',0,30,NULL,NULL,NULL),(126,'John','Rosal','1992-10-18','WALA EH','639171101126','Male',6,'2018-01-30 23:09:19','2018-01-30 23:09:19',0,30,NULL,NULL,NULL),(127,'Argel','Mendoza','1952-01-05','WALA EH','639171101126','Male',23,'2018-01-30 23:09:47','2018-01-30 23:09:47',0,30,NULL,NULL,NULL),(128,'Nico','Palad','1991-12-12','WALA EH','639171101126','Male',19,'2018-01-30 23:10:11','2018-01-30 23:10:11',0,30,NULL,NULL,NULL),(129,'Lyka','Santigo','1997-11-01','WALA EH','639171101126','Female',19,'2018-01-30 23:10:35','2018-01-30 23:10:35',0,30,NULL,NULL,NULL),(130,'Joyce','Dilig','1992-11-26','WALA EH','639171101126','Female',17,'2018-01-30 23:11:15','2018-01-30 23:11:15',0,30,NULL,NULL,NULL),(131,'Caira','Agante','1983-07-16','WALA EH','639171101126','Female',1,'2018-01-30 23:11:54','2018-01-30 23:11:54',0,30,NULL,NULL,NULL),(132,'Olive','Apales','2014-08-01','WALA EH','639171101126','Female',22,'2018-01-30 23:12:19','2018-01-30 23:12:19',0,30,NULL,NULL,NULL),(133,'Paulo','Luna','1962-01-05','WALA EH','639171101126','Male',5,'2018-01-30 23:12:46','2018-01-30 23:12:46',0,30,NULL,NULL,NULL),(134,'Anna','Bantugan','1999-12-26','WALA EH','639171101126','Female',6,'2018-01-30 23:13:15','2018-01-30 23:13:15',0,30,NULL,NULL,NULL),(135,'Angel','Canete','1992-11-25','WALA EH','639171101126','Female',5,'2018-01-30 23:13:43','2018-01-30 23:13:43',0,30,NULL,NULL,NULL),(136,'Ann','Cortez','1995-11-12','HOME NUMBER','639171101126','Female',8,'2018-01-30 23:55:52','2018-01-30 23:55:52',0,33,'ZONE','BLOCK','STREET'),(137,'Ashbee','Morgado','1994-11-26','Home','639171101126','Female',23,'2018-02-13 23:45:07','2018-02-13 23:45:07',0,33,'Zone','Block','Street'),(138,'wlke','lkqjweq','1994-11-26','12312321','639171101126','Male',20,'2018-02-13 23:46:14','2018-02-13 23:46:14',0,33,'Zone','Block','Street');

/*Table structure for table `morbidity_scores` */

DROP TABLE IF EXISTS `morbidity_scores`;

/*!50001 DROP VIEW IF EXISTS `morbidity_scores` */;
/*!50001 DROP TABLE IF EXISTS `morbidity_scores` */;

/*!50001 CREATE TABLE  `morbidity_scores`(
 `disease_id` int(15) unsigned ,
 `disease_name` varchar(255) ,
 `total_count` bigint(21) 
)*/;

/*Table structure for table `mortality_scores` */

DROP TABLE IF EXISTS `mortality_scores`;

/*!50001 DROP VIEW IF EXISTS `mortality_scores` */;
/*!50001 DROP TABLE IF EXISTS `mortality_scores` */;

/*!50001 CREATE TABLE  `mortality_scores`(
 `disease_id` int(15) unsigned ,
 `disease_name` varchar(255) ,
 `total_count` bigint(21) 
)*/;

/*Table structure for table `scores` */

DROP TABLE IF EXISTS `scores`;

/*!50001 DROP VIEW IF EXISTS `scores` */;
/*!50001 DROP TABLE IF EXISTS `scores` */;

/*!50001 CREATE TABLE  `scores`(
 `disease_id` int(15) unsigned ,
 `disease_name` varchar(255) ,
 `total_count` bigint(21) 
)*/;

/*View structure for view morbidity_scores */

/*!50001 DROP TABLE IF EXISTS `morbidity_scores` */;
/*!50001 DROP VIEW IF EXISTS `morbidity_scores` */;

/*!50001 CREATE ALGORITHM=UNDEFINED DEFINER=`root`@`localhost` SQL SECURITY DEFINER VIEW `morbidity_scores` AS select `o`.`disease_id` AS `disease_id`,`d`.`disease_name` AS `disease_name`,if((count(`o`.`disease_id`) > 0),count(`o`.`disease_id`),0) AS `total_count` from (`outbreak` `o` left join `diseases` `d` on((`d`.`id` = `o`.`disease_id`))) where (`o`.`status` = 'morbidity') group by `o`.`disease_id` */;

/*View structure for view mortality_scores */

/*!50001 DROP TABLE IF EXISTS `mortality_scores` */;
/*!50001 DROP VIEW IF EXISTS `mortality_scores` */;

/*!50001 CREATE ALGORITHM=UNDEFINED DEFINER=`root`@`localhost` SQL SECURITY DEFINER VIEW `mortality_scores` AS select `o`.`disease_id` AS `disease_id`,`d`.`disease_name` AS `disease_name`,if((count(`o`.`disease_id`) > 0),count(`o`.`disease_id`),0) AS `total_count` from (`outbreak` `o` left join `diseases` `d` on((`d`.`id` = `o`.`disease_id`))) where (`o`.`status` = 'mortality') group by `o`.`disease_id` */;

/*View structure for view scores */

/*!50001 DROP TABLE IF EXISTS `scores` */;
/*!50001 DROP VIEW IF EXISTS `scores` */;

/*!50001 CREATE ALGORITHM=UNDEFINED DEFINER=`root`@`localhost` SQL SECURITY DEFINER VIEW `scores` AS (select `o`.`disease_id` AS `disease_id`,`d`.`disease_name` AS `disease_name`,if((count(`o`.`disease_id`) > 0),count(`o`.`disease_id`),0) AS `total_count` from (`outbreak` `o` left join `diseases` `d` on((`d`.`id` = `o`.`disease_id`))) group by `o`.`disease_id`) */;

/*!40101 SET SQL_MODE=@OLD_SQL_MODE */;
/*!40014 SET FOREIGN_KEY_CHECKS=@OLD_FOREIGN_KEY_CHECKS */;
/*!40014 SET UNIQUE_CHECKS=@OLD_UNIQUE_CHECKS */;
/*!40111 SET SQL_NOTES=@OLD_SQL_NOTES */;
